Name,IMDB Link,IMDB Headshot,Wikipedia Link,Wikipedia Headshot
Aaron Shure,,,https://en.wikipedia.org/wiki/Aaron_Shure,
Adam Bernstein,,,https://en.wikipedia.org/wiki/Adam_Bernstein,
Adam Countee,,,,
Adam Davidson,,,https://en.wikipedia.org/wiki/Adam_Davidson,
Adam Scott,,,https://en.wikipedia.org/wiki/Adam_Scott_(actor),https://upload.wikimedia.org/wikipedia/commons/thumb/9/98/AdamScott.jpg/500px-AdamScott.jpg
Aisha Muharrar,,,https://en.wikipedia.org/wiki/Aisha_Muharrar,
Alan Yang,,,https://en.wikipedia.org/wiki/Alan_Yang,https://upload.wikimedia.org/wikipedia/commons/thumb/6/6d/Alan_Yang_at_the_75th_Annual_Peabody_Awards_for_Master_of_None_%28cropped%29.jpg/500px-Alan_Yang_at_the_75th_Annual_Peabody_Awards_for_Master_of_None_%28cropped%29.jpg
Alex Cooley,,,,
Alex Cuthbertson,,,https://en.wikipedia.org/wiki/Alex_Cuthbertson,
Alex Hardcastle,,,https://en.wikipedia.org/wiki/Alex_Hardcastle,
Alex Rubens,,,https://en.wikipedia.org/wiki/Alex_Rubens,
Alexandra Rushfield,,,,
Allison Silverman,,,https://en.wikipedia.org/wiki/Allison_Silverman,
Amelie Gillette,,,https://en.wikipedia.org/wiki/Amelie_Gillette,
Amy Heckerling,,,https://en.wikipedia.org/wiki/Amy_Heckerling,https://upload.wikimedia.org/wikipedia/commons/thumb/e/e9/Amy_Heckerling.jpg/500px-Amy_Heckerling.jpg
Amy Poehler,,,https://en.wikipedia.org/wiki/Amy_Poehler,https://upload.wikimedia.org/wikipedia/commons/thumb/d/df/Amy_Poehler_%2853671989427%29_cropped.jpg/500px-Amy_Poehler_%2853671989427%29_cropped.jpg
Andrew Guest,,,https://en.wikipedia.org/wiki/Andrew_Guest,
Andy Bobrow,,,https://en.wikipedia.org/wiki/Andy_Bobrow,https://upload.wikimedia.org/wikipedia/commons/thumb/0/03/Andy_Bobrow_%287592263654%29.jpg/500px-Andy_Bobrow_%287592263654%29.jpg
Annie Mebane,,,,
Anthony Hemingway,,,https://en.wikipedia.org/wiki/Anthony_Hemingway,
Anthony Q. Farrell,,,https://en.wikipedia.org/wiki/Anthony_Q._Farrell,
Anthony Russo,,,https://en.wikipedia.org/wiki/Russo_brothers,https://upload.wikimedia.org/wikipedia/commons/thumb/f/f1/Joe_Russo_%26_Anthony_Russo_by_Gage_Skidmore.jpg/500px-Joe_Russo_%26_Anthony_Russo_by_Gage_Skidmore.jpg
Asaad Kelada,,,https://en.wikipedia.org/wiki/Asaad_Kelada,https://upload.wikimedia.org/wikipedia/commons/8/8d/Asaad_Kelada.jpg
B. J. Novak,,,https://en.wikipedia.org/wiki/B._J._Novak,https://upload.wikimedia.org/wikipedia/commons/thumb/7/76/B.J._Novak%2C_Actor.jpg/500px-B.J._Novak%2C_Actor.jpg
Ben Wexler,,,,
Beth McCarthy-Miller,,,https://en.wikipedia.org/wiki/Beth_McCarthy-Miller,
Bobcat Goldthwait,,,https://en.wikipedia.org/wiki/Bobcat_Goldthwait,https://upload.wikimedia.org/wikipedia/commons/thumb/2/21/Bobcat_Goldthwait_May_2015.jpg/500px-Bobcat_Goldthwait_May_2015.jpg
Brent Forrester,,,https://en.wikipedia.org/wiki/Brent_Forrester,
Brett Baer,,,https://en.wikipedia.org/wiki/Brett_Baer,https://upload.wikimedia.org/wikipedia/commons/thumb/d/d6/Brett_Baer_at_Paleyfest_2012.jpg/500px-Brett_Baer_at_Paleyfest_2012.jpg
Brian Baumgartner,,,https://en.wikipedia.org/wiki/Brian_Baumgartner,https://upload.wikimedia.org/wikipedia/commons/thumb/e/e5/Brian_Baumgartner_visits_Camp_Pendleton_%282%29_%28cropped%29.jpg/500px-Brian_Baumgartner_visits_Camp_Pendleton_%282%29_%28cropped%29.jpg
Brian Rowe,,,https://en.wikipedia.org/wiki/Brian_Rowe,https://upload.wikimedia.org/wikipedia/commons/thumb/6/6e/Brian_Rowe_LA_Galaxy.JPG/500px-Brian_Rowe_LA_Galaxy.JPG
Briggs Hatton,,,https://en.wikipedia.org/wiki/Joe_Bob_Briggs,https://upload.wikimedia.org/wikipedia/commons/thumb/9/9b/Joe_Bob_Briggs_%282018%2C_crop%29.jpg/500px-Joe_Bob_Briggs_%282018%2C_crop%29.jpg
Bryan Cranston,,,https://en.wikipedia.org/wiki/Bryan_Cranston,https://upload.wikimedia.org/wikipedia/commons/thumb/6/60/BryanCranston2022.jpg/500px-BryanCranston2022.jpg
Bryan Gordon,,,https://en.wikipedia.org/wiki/Bryan_Gordon,
Carol Kolb,,,https://en.wikipedia.org/wiki/Carol_Kolb,https://upload.wikimedia.org/wikipedia/commons/thumb/2/29/CarolKolb2023.jpg/500px-CarolKolb2023.jpg
Caroline Williams,,,https://en.wikipedia.org/wiki/Caroline_Williams,
Carrie Kemper,,,https://en.wikipedia.org/wiki/Carrie_Kemper,
Charles McDougall,,,https://en.wikipedia.org/wiki/Charles_McDougall,
Charlie Grandy,,,https://en.wikipedia.org/wiki/Charlie_Grandy,
Chelsea Peretti,,,https://en.wikipedia.org/wiki/Chelsea_Peretti,https://upload.wikimedia.org/wikipedia/commons/thumb/1/1f/Chelsea_Peretti_at_Meltdown_%28cropped%29.jpg/500px-Chelsea_Peretti_at_Meltdown_%28cropped%29.jpg
Chris Kula,,,,
Chris McKenna,,,https://en.wikipedia.org/wiki/Chris_McKenna_(actor),
Claire Cowperthwaite,,,,
Claire Scanlon,,,https://en.wikipedia.org/wiki/Claire_Scanlon,
Clay Lapari,,,,
Colleen McGuinness,,,https://en.wikipedia.org/wiki/Colleen_McGuinness,
Constantine Makris,,,https://en.wikipedia.org/wiki/Constantine_Makris,
Craig Zisk,,,https://en.wikipedia.org/wiki/Craig_Zisk,
Daisy Gardner,,,https://en.wikipedia.org/wiki/Daisy_Gardner,
Dan Eckman,,,https://en.wikipedia.org/wiki/Dan_Eckman,
Dan Goor,,,https://en.wikipedia.org/wiki/Dan_Goor,
Dan Greaney,,,https://en.wikipedia.org/wiki/Dan_Greaney,
Dan Guterman,,,https://en.wikipedia.org/wiki/Dan_Guterman,
Dan Harmon,,,https://en.wikipedia.org/wiki/Dan_Harmon,https://upload.wikimedia.org/wikipedia/commons/thumb/a/a7/Dan_Harmon_%2827931105063%29_cropped.jpg/500px-Dan_Harmon_%2827931105063%29_cropped.jpg
Dan Sterling,,,https://en.wikipedia.org/wiki/Dan_Sterling,
Daniel Chun,,,https://en.wikipedia.org/wiki/Daniel_Chun,
Danny Leiner,,,https://en.wikipedia.org/wiki/Danny_Leiner,https://upload.wikimedia.org/wikipedia/commons/thumb/2/29/CFC_in_L.A._43_%285515996366%29_%28cropped%29.jpg/500px-CFC_in_L.A._43_%285515996366%29_%28cropped%29.jpg
Dave Finkel,,,https://en.wikipedia.org/wiki/Dave_Finkel,https://upload.wikimedia.org/wikipedia/commons/thumb/8/8e/Dave_Finkel_at_Paleyfest_2012.jpg/500px-Dave_Finkel_at_Paleyfest_2012.jpg
Dave King,,,,
David Rogers,,,https://en.wikipedia.org/wiki/David_Rogers,
Dean Holland,,,https://en.wikipedia.org/wiki/Dean_Holland,
Dean Young,,,https://en.wikipedia.org/wiki/Dean_Young,
Dennie Gordon,,,https://en.wikipedia.org/wiki/Dennie_Gordon,https://upload.wikimedia.org/wikipedia/commons/thumb/1/12/Dennie_Gordon_on_set.jpg/500px-Dennie_Gordon_on_set.jpg
Dino Stamatopoulos,,,https://en.wikipedia.org/wiki/Dino_Stamatopoulos,https://upload.wikimedia.org/wikipedia/commons/thumb/a/a6/Dino_Stamatopoulos_%2823924314963%29.jpg/500px-Dino_Stamatopoulos_%2823924314963%29.jpg
Don Scardino,,,https://en.wikipedia.org/wiki/Don_Scardino,
Donald Diego,,,,
Donald Glover,,,https://en.wikipedia.org/wiki/Donald_Glover,https://upload.wikimedia.org/wikipedia/commons/thumb/2/2a/Donald_Glover_TIFF_2015.jpg/500px-Donald_Glover_TIFF_2015.jpg
Donick Cary,,,https://en.wikipedia.org/wiki/Donick_Cary,
Duke Johnson,,,https://en.wikipedia.org/wiki/Duke_Johnson,https://upload.wikimedia.org/wikipedia/commons/thumb/0/04/Duke_Johnson_2016.jpg/500px-Duke_Johnson_2016.jpg
Dylan Morgan,,,https://en.wikipedia.org/wiki/Dylan_Morgan,https://upload.wikimedia.org/wikipedia/commons/0/05/Dylan_Morgan.jpg
Ed Helms,,,https://en.wikipedia.org/wiki/Ed_Helms,https://upload.wikimedia.org/wikipedia/commons/thumb/6/60/Ed_Helms_Obvious_Child_Premiere_2014_%28cropped%29.jpg/500px-Ed_Helms_Obvious_Child_Premiere_2014_%28cropped%29.jpg
Emily Cutler,,,https://en.wikipedia.org/wiki/Chelsea_Cutler,
Emily Kapnek,,,https://en.wikipedia.org/wiki/Emily_Kapnek,
Emily Spivey,,,https://en.wikipedia.org/wiki/Emily_Spivey,
Emma Fletcher,,,https://en.wikipedia.org/wiki/Emma_Fletcher,
Eric Appel,,,https://en.wikipedia.org/wiki/Eric_Appel,
Erik Sommers,,,https://en.wikipedia.org/wiki/Erik_Sommers,
Fred Goss,,,https://en.wikipedia.org/wiki/Fred_Goss,
Gabe Miller,,,https://en.wikipedia.org/wiki/Gabe_Miller,https://upload.wikimedia.org/wikipedia/commons/thumb/1/1e/Gabe_Miller_Oregon_State.jpg/500px-Gabe_Miller_Oregon_State.jpg
Gail Mancuso,,,https://en.wikipedia.org/wiki/Gail_Mancuso,
Garrett Donovan,,,https://en.wikipedia.org/wiki/Neil_Goldman_and_Garrett_Donovan,
Gene Hong,,,https://en.wikipedia.org/wiki/Gene_Hong,
Gene Stupnitsky,,,https://en.wikipedia.org/wiki/Gene_Stupnitsky,
Graham Wagner,,,,
Greg Daniels,,,https://en.wikipedia.org/wiki/Greg_Daniels,https://upload.wikimedia.org/wikipedia/commons/0/0d/Greg_Daniels_Spain.jpg
Greg Levine,,,,
Halsted Sullivan,,,https://en.wikipedia.org/wiki/Halsted_Sullivan,
Hannibal Buress,,,https://en.wikipedia.org/wiki/Hannibal_Buress,https://upload.wikimedia.org/wikipedia/commons/d/d2/Hannibal_at_the_RISE_Hong_Kong_Convention%2C_2019_%28cropped%29.jpg
Harold Ramis,,,https://en.wikipedia.org/wiki/Harold_Ramis,https://upload.wikimedia.org/wikipedia/commons/6/6d/Harold_Ramis_Oct_2009.jpg
Harris Wittels,,,https://en.wikipedia.org/wiki/Harris_Wittels,
Hilary Winston,,,,
Hunter Covington,,,,
J. J. Abrams,,,https://en.wikipedia.org/wiki/J._J._Abrams,https://upload.wikimedia.org/wikipedia/commons/thumb/3/33/J._J._Abrams_San_Diego_Comic_Con_International_2015.jpg/500px-J._J._Abrams_San_Diego_Comic_Con_International_2015.jpg
Jack Burditt,,,https://en.wikipedia.org/wiki/Jack_Burditt,
Jack Kukoda,,,,
James E. Sheridan,,,https://en.wikipedia.org/wiki/James_E._Sheridan,https://upload.wikimedia.org/wikipedia/commons/thumb/4/40/James_E._Sheridan.jpg/500px-James_E._Sheridan.jpg
Jason Kessler,,,https://en.wikipedia.org/wiki/Jason_Kessler,https://upload.wikimedia.org/wikipedia/commons/thumb/f/f4/Jason_Kessler_%28cropped%29.jpg/500px-Jason_Kessler_%28cropped%29.jpg
Jason Reitman,,,https://en.wikipedia.org/wiki/Jason_Reitman,https://upload.wikimedia.org/wikipedia/commons/thumb/6/68/Jason_Reitman_at_2024_Telluride_Film_Festival_for_Saturday_Night_02_%28cropped%29.jpg/500px-Jason_Reitman_at_2024_Telluride_Film_Festival_for_Saturday_Night_02_%28cropped%29.jpg
Jason Woliner,,,https://en.wikipedia.org/wiki/Jason_Woliner,https://upload.wikimedia.org/wikipedia/commons/thumb/9/9f/Jason_Woliner_by_Gage_Skidmore.jpg/500px-Jason_Woliner_by_Gage_Skidmore.jpg
Jay Chandrasekhar,,,https://en.wikipedia.org/wiki/Jay_Chandrasekhar,
Jay Karas,,,https://en.wikipedia.org/wiki/Jay_Karas,
Jeff Melman,,,https://en.wikipedia.org/wiki/Jeff_Melman,
Jeff Richmond,,,https://en.wikipedia.org/wiki/Jeff_Richmond,https://upload.wikimedia.org/wikipedia/commons/thumb/d/d2/JeffRichmond-byPhilipRomano.jpg/500px-JeffRichmond-byPhilipRomano.jpg
Jeffrey Blitz,,,https://en.wikipedia.org/wiki/Jeffrey_Blitz,https://upload.wikimedia.org/wikipedia/commons/thumb/3/3f/Blitz_Headshot.jpg/500px-Blitz_Headshot.jpg
Jen Statsky,,,https://en.wikipedia.org/wiki/Jen_Statsky,https://upload.wikimedia.org/wikipedia/commons/thumb/7/73/Jenstatsky_2021_%28cropped%29.jpg/500px-Jenstatsky_2021_%28cropped%29.jpg
Jennifer Celotta,,,https://en.wikipedia.org/wiki/Jennifer_Celotta,
Jesse Peretz,,,https://en.wikipedia.org/wiki/Jesse_Peretz,
Jessie Miller,,,https://en.wikipedia.org/wiki/Jessie_Miller,https://upload.wikimedia.org/wikipedia/commons/4/46/Billandchubbie.jpg
Jim Rash,,,https://en.wikipedia.org/wiki/Jim_Rash,https://upload.wikimedia.org/wikipedia/commons/thumb/5/53/Jim_Rash_by_Gage_Skidmore_%28cropped%29.jpg/500px-Jim_Rash_by_Gage_Skidmore_%28cropped%29.jpg
Joe Mande,,,https://en.wikipedia.org/wiki/Joe_Mande,https://upload.wikimedia.org/wikipedia/commons/thumb/e/e4/Joe_Mande.jpg/500px-Joe_Mande.jpg
Joe Russo,,,https://en.wikipedia.org/wiki/Russo_brothers,https://upload.wikimedia.org/wikipedia/commons/thumb/f/f1/Joe_Russo_%26_Anthony_Russo_by_Gage_Skidmore.jpg/500px-Joe_Russo_%26_Anthony_Russo_by_Gage_Skidmore.jpg
John Krasinski,,,https://en.wikipedia.org/wiki/John_Krasinski,https://upload.wikimedia.org/wikipedia/commons/thumb/e/ed/John_Krasinski_2022.jpg/500px-John_Krasinski_2022.jpg
John Riggi,,,https://en.wikipedia.org/wiki/John_Riggi,https://upload.wikimedia.org/wikipedia/commons/thumb/3/36/John_Riggi.jpg/500px-John_Riggi.jpg
John Stuart Scott,,,https://en.wikipedia.org/wiki/John_Stuart_Scott,https://upload.wikimedia.org/wikipedia/commons/thumb/2/22/Director_John_Stuart_Scott.jpg/500px-Director_John_Stuart_Scott.jpg
Jon Favreau,,,https://en.wikipedia.org/wiki/Jon_Favreau,https://upload.wikimedia.org/wikipedia/commons/thumb/e/eb/Jon_Favreau_2016.jpeg/500px-Jon_Favreau_2016.jpeg
Jon Haller,,,https://en.wikipedia.org/wiki/Jon_Hall,
Jon Pollack,,,,
Jon Vitti,,,https://en.wikipedia.org/wiki/Jon_Vitti,
Jonathan Green,,,https://en.wikipedia.org/wiki/Jonathan_Green,
Jonathan Hughes,,,https://en.wikipedia.org/wiki/Jonathan_Hughes,
Jordan Blum,,,https://en.wikipedia.org/wiki/Jordan_Blum,
Jorma Taccone,,,https://en.wikipedia.org/wiki/Jorma_Taccone,https://upload.wikimedia.org/wikipedia/commons/thumb/f/fd/Jorma_Taccone_by_Gage_Skidmore.jpg/500px-Jorma_Taccone_by_Gage_Skidmore.jpg
Josh Siegal,,,,
Joss Whedon,,,https://en.wikipedia.org/wiki/Joss_Whedon,https://upload.wikimedia.org/wikipedia/commons/thumb/c/c3/Joss_Whedon_by_Gage_Skidmore_8.jpg/500px-Joss_Whedon_by_Gage_Skidmore_8.jpg
Juan J. Campanella,,,https://en.wikipedia.org/wiki/Juan_José_Campanella,https://upload.wikimedia.org/wikipedia/commons/thumb/7/7f/Juan_Jos%C3%A9_Camapanella_2019.jpg/500px-Juan_Jos%C3%A9_Camapanella_2019.jpg
Julian Farino,,,https://en.wikipedia.org/wiki/Julian_Farino,
Julie Anne Robinson,,,https://en.wikipedia.org/wiki/Julie_Anne_Robinson,
Justin Lin,,,https://en.wikipedia.org/wiki/Justin_Lin,https://upload.wikimedia.org/wikipedia/commons/thumb/a/a7/Justin_Lin_at_the_2025_Sundance_Film_Festival_%28cropped%29.jpg/500px-Justin_Lin_at_the_2025_Sundance_Film_Festival_%28cropped%29.jpg
Justin Spitzer,,,https://en.wikipedia.org/wiki/Justin_Spitzer,
Karey Dornetto,,,https://en.wikipedia.org/wiki/Karey_Dornetto,https://upload.wikimedia.org/wikipedia/commons/thumb/1/12/Karey_Dornetto.PNG/500px-Karey_Dornetto.PNG
Katie Dippold,,,https://en.wikipedia.org/wiki/Katie_Dippold,
Kay Cannon,,,https://en.wikipedia.org/wiki/Kay_Cannon,https://upload.wikimedia.org/wikipedia/commons/thumb/4/4b/Kay_Cannon_at_SXSW_Red_Carpet_premiere_of_BLOCKERS_%2826876904668%29_%28cropped%29.jpg/500px-Kay_Cannon_at_SXSW_Red_Carpet_premiere_of_BLOCKERS_%2826876904668%29_%28cropped%29.jpg
Kelly Cantley,,,,
Ken Kwapis,,,https://en.wikipedia.org/wiki/Ken_Kwapis,https://upload.wikimedia.org/wikipedia/commons/4/44/Ken_Kwapis_2008.jpg
Ken Whittingham,,,https://en.wikipedia.org/wiki/Ken_Whittingham,
Kevin Rodney Sullivan,,,https://en.wikipedia.org/wiki/Kevin_Rodney_Sullivan,
Kyle Newacheck,,,https://en.wikipedia.org/wiki/Kyle_Newacheck,
Lang Fisher,,,https://en.wikipedia.org/wiki/Isla_Fisher,https://upload.wikimedia.org/wikipedia/commons/a/ab/Isla_Fisher_2013.jpg
Larry Wilmore,,,https://en.wikipedia.org/wiki/Larry_Wilmore,https://upload.wikimedia.org/wikipedia/commons/thumb/2/2c/Larry_Wilmore_by_Gage_Skidmore.jpg/500px-Larry_Wilmore_by_Gage_Skidmore.jpg
Lauren Gurganous,,,,
Lauren Pomerantz,,,,
Lee Eisenberg,,,https://en.wikipedia.org/wiki/Lee_Eisenberg,
Lee Kirk,,,https://en.wikipedia.org/wiki/Tommy_Kirk,https://upload.wikimedia.org/wikipedia/commons/thumb/d/de/TommyKirk_Flubber.jpg/500px-TommyKirk_Flubber.jpg
Lester Lewis,,,https://en.wikipedia.org/wiki/Lester_Lewis,
Linda Mendoza,,,https://en.wikipedia.org/wiki/Linda_Mendoza,
Liz Cackowski,,,https://en.wikipedia.org/wiki/Liz_Cackowski,
Luke Del Tredici,,,,
Maggie Bandur,,,https://en.wikipedia.org/wiki/Maggie_Bandur,
Marc Webb,,,https://en.wikipedia.org/wiki/Marc_Webb,https://upload.wikimedia.org/wikipedia/commons/thumb/2/2f/Marc_Webb_by_Gage_Skidmore_2.jpg/500px-Marc_Webb_by_Gage_Skidmore_2.jpg
Mark Stegemann,,,,
Matt Fusfeld,,,,
Matt Hubbard,,,https://en.wikipedia.org/wiki/Matt_Hubbard,https://upload.wikimedia.org/wikipedia/commons/thumb/2/24/Matt_Hubbard.jpg/500px-Matt_Hubbard.jpg
Matt Lawton,,,https://en.wikipedia.org/wiki/Matt_Lawton,
Matt Murray,,,,
Matt Roller,,,,
Matt Sohn,,,,https://upload.wikimedia.org/wikipedia/commons/thumb/c/cc/AbbottElementary.png/500px-AbbottElementary.png
Matt Warburton,,,https://en.wikipedia.org/wiki/Matt_Warburton,https://upload.wikimedia.org/wikipedia/commons/thumb/e/e0/Matt_Warburton_by_Gage_Skidmore.jpg/500px-Matt_Warburton_by_Gage_Skidmore.jpg
Megan Amram,,,https://en.wikipedia.org/wiki/Megan_Amram,https://upload.wikimedia.org/wikipedia/commons/thumb/a/a5/Megan_Amram_in_2012_%28cropped%29.jpg/500px-Megan_Amram_in_2012_%28cropped%29.jpg
Megan Ganz,,,https://en.wikipedia.org/wiki/Megan_Ganz,https://upload.wikimedia.org/wikipedia/commons/thumb/e/e3/Megan_Ganz_%282012%29_%28cropped%29.jpg/500px-Megan_Ganz_%282012%29_%28cropped%29.jpg
Michael Engler,,,https://en.wikipedia.org/wiki/Michael_Engler,https://upload.wikimedia.org/wikipedia/commons/e/e9/Michael_Engler%2C_October_2019.jpg
Michael McCullers,,,https://en.wikipedia.org/wiki/Michael_McCullers,
Michael Patrick Jann,,,https://en.wikipedia.org/wiki/Michael_Patrick_Jann,
Michael Schur,,,https://en.wikipedia.org/wiki/Michael_Schur,https://upload.wikimedia.org/wikipedia/commons/0/07/Michael_Schur_2012_%28cropped%29.jpg
Michael Slovis,,,https://en.wikipedia.org/wiki/Michael_Slovis,https://upload.wikimedia.org/wikipedia/commons/thumb/f/f2/Michael_Slovis_%28cropped%29.jpg/500px-Michael_Slovis_%28cropped%29.jpg
Michael Spiller,,,https://en.wikipedia.org/wiki/Michael_Spiller,
Michael Trim,,,https://en.wikipedia.org/wiki/Michael_Trim,
Miguel Arteta,,,https://en.wikipedia.org/wiki/Miguel_Arteta,
Mike Scully,,,https://en.wikipedia.org/wiki/Mike_Scully,https://upload.wikimedia.org/wikipedia/commons/thumb/2/25/Mike_Scully_by_Gage_Skidmore.jpg/500px-Mike_Scully_by_Gage_Skidmore.jpg
Millicent Shelton,,,https://en.wikipedia.org/wiki/Millicent_Shelton,
Mindy Kaling,,,https://en.wikipedia.org/wiki/Mindy_Kaling,https://upload.wikimedia.org/wikipedia/commons/thumb/7/7b/Mindy_Kaling_by_Claire_Leahy_%28cropped%29.jpg/500px-Mindy_Kaling_by_Claire_Leahy_%28cropped%29.jpg
Monica Padrick,,,https://en.wikipedia.org/wiki/Praise_Petey,
Morgan Sackett,,,https://en.wikipedia.org/wiki/Morgan_Sackett,
Nat Faxon,,,https://en.wikipedia.org/wiki/Nat_Faxon,https://upload.wikimedia.org/wikipedia/commons/thumb/2/2a/Nat_Faxon_July_14%2C_2014_%28cropped%29.jpg/500px-Nat_Faxon_July_14%2C_2014_%28cropped%29.jpg
Nate DiMeo,,,https://en.wikipedia.org/wiki/Nate_DiMeo,https://upload.wikimedia.org/wikipedia/commons/thumb/8/89/Nate_DiMeo_at_Solid_State_Books.jpg/500px-Nate_DiMeo_at_Solid_State_Books.jpg
Neil Goldman,,,https://en.wikipedia.org/wiki/Neil_Goldman,
Nick Offerman,,,https://en.wikipedia.org/wiki/Nick_Offerman,https://upload.wikimedia.org/wikipedia/commons/thumb/0/02/Nick_Offerman_2022_National_Book_Festival_%2852342575962%29_%28cropped%29.jpg/500px-Nick_Offerman_2022_National_Book_Festival_%2852342575962%29_%28cropped%29.jpg
Nicole Holofcener,,,https://en.wikipedia.org/wiki/Nicole_Holofcener,https://upload.wikimedia.org/wikipedia/commons/thumb/1/19/58th_Karlovy_Vary_International_Film_Festival%2C_Nicole_Holofcener_06.jpg/500px-58th_Karlovy_Vary_International_Film_Festival%2C_Nicole_Holofcener_06.jpg
Niki Schwartz-Wright,,,,
Nina Pedrad,,,https://en.wikipedia.org/wiki/Nasim_Pedrad,https://upload.wikimedia.org/wikipedia/commons/thumb/7/7f/Nasim_Pedrad.jpg/500px-Nasim_Pedrad.jpg
Norm Hiscock,,,https://en.wikipedia.org/wiki/Norm_Hiscock,https://upload.wikimedia.org/wikipedia/commons/thumb/8/85/Norm_Hiscock_parks_and_recreation.jpg/500px-Norm_Hiscock_parks_and_recreation.jpg
Owen Ellickson,,,,
Parker Deay,,,,https://upload.wikimedia.org/wikipedia/commons/thumb/4/4d/American_dad_logo.svg/500px-American_dad_logo.svg.png
Paul Feig,,,https://en.wikipedia.org/wiki/Paul_Feig,https://upload.wikimedia.org/wikipedia/commons/thumb/8/8d/Paul_Feig_2024.jpg/500px-Paul_Feig_2024.jpg
Paul Lieberstein,,,https://en.wikipedia.org/wiki/Paul_Lieberstein,https://upload.wikimedia.org/wikipedia/commons/thumb/a/af/PaulLieberstein.jpg/500px-PaulLieberstein.jpg
Paula Pell,,,https://en.wikipedia.org/wiki/Paula_Pell,https://upload.wikimedia.org/wikipedia/commons/thumb/e/e9/Paula_Pell_on_Employee_of_the_Month.jpg/500px-Paula_Pell_on_Employee_of_the_Month.jpg
Peter Ocko,,,https://en.wikipedia.org/wiki/Peter_Ocko,
Rachel Axler,,,https://en.wikipedia.org/wiki/Rachel_Axler,https://upload.wikimedia.org/wikipedia/en/0/00/Rachel_Axler.jpg
Rachna Fruchbom,,,,
Rainn Wilson,,,https://en.wikipedia.org/wiki/Rainn_Wilson,https://upload.wikimedia.org/wikipedia/commons/thumb/6/68/Rainn_Wilson_2011_Shankbone_2.JPG/500px-Rainn_Wilson_2011_Shankbone_2.JPG
Randall Einhorn,,,https://en.wikipedia.org/wiki/Randall_Einhorn,https://upload.wikimedia.org/wikipedia/commons/thumb/e/e3/Randall_Einhorn_by_Gage_Skidmore.jpg/500px-Randall_Einhorn_by_Gage_Skidmore.jpg
Reggie Hudlin,,,https://en.wikipedia.org/wiki/Reginald_Hudlin,https://upload.wikimedia.org/wikipedia/commons/thumb/c/cf/10.5.17ReginaldHudlinByLuigiNovi1.jpg/500px-10.5.17ReginaldHudlinByLuigiNovi1.jpg
Richard Ayoade,,,https://en.wikipedia.org/wiki/Richard_Ayoade,https://upload.wikimedia.org/wikipedia/commons/thumb/d/d8/Richard_Ayoade_20241205.jpg/500px-Richard_Ayoade_20241205.jpg
Richard Shepard,,,https://en.wikipedia.org/wiki/Richard_Shepard,
Ricky Gervais,,,https://en.wikipedia.org/wiki/Ricky_Gervais,https://upload.wikimedia.org/wikipedia/commons/thumb/8/84/GervaisPall230921_%2815_of_17%29_%2851527411486%29_%28cropped%29.jpg/500px-GervaisPall230921_%2815_of_17%29_%2851527411486%29_%28cropped%29.jpg
Rob Schrab,,,https://en.wikipedia.org/wiki/Rob_Schrab,https://upload.wikimedia.org/wikipedia/commons/thumb/9/9b/Rob_Schrab.jpg/500px-Rob_Schrab.jpg
Robert B. Weide,,,https://en.wikipedia.org/wiki/Robert_B._Weide,
Robert Carlock,,,https://en.wikipedia.org/wiki/Robert_Carlock,
Robert Padnick,,,,
Rodman Flender,,,https://en.wikipedia.org/wiki/Rodman_Flender,
Roger Nygard,,,https://en.wikipedia.org/wiki/Roger_Nygard,https://upload.wikimedia.org/wikipedia/commons/thumb/7/7d/Roger_Nygard_at_the_2011_Humanist_Film_Festival.jpg/500px-Roger_Nygard_at_the_2011_Humanist_Film_Festival.jpg
Ron Weiner,,,https://en.wikipedia.org/wiki/Ron_Weiner,
Ryan Koh,,,https://en.wikipedia.org/wiki/Ryan_Koh,
Ryan Ridley,,,,
Sam Means,,,https://en.wikipedia.org/wiki/Sam_Means,
Scott Ellis,,,https://en.wikipedia.org/wiki/Scott_Ellis,
Seth Gordon,,,https://en.wikipedia.org/wiki/Seth_Gordon,https://upload.wikimedia.org/wikipedia/commons/thumb/c/cf/Seth_Gordon_at_PaleyFest_Fall_TV_Previews_2014.jpg/500px-Seth_Gordon_at_PaleyFest_Fall_TV_Previews_2014.jpg
Seth Gordon Harold Ramis,,,,
Sona Panos,,,,
Stephen Lee Davis,,,,
Stephen Merchant,,,https://en.wikipedia.org/wiki/Stephen_Merchant,https://upload.wikimedia.org/wikipedia/commons/thumb/c/c9/StephenMerchantAltNov09.jpg/500px-StephenMerchantAltNov09.jpg
Steve Basilone,,,,
Steve Buscemi,,,https://en.wikipedia.org/wiki/Steve_Buscemi,https://upload.wikimedia.org/wikipedia/commons/thumb/3/34/Steve_Buscemi_crop.jpg/500px-Steve_Buscemi_crop.jpg
Steve Carell,,,https://en.wikipedia.org/wiki/Steve_Carell,https://upload.wikimedia.org/wikipedia/commons/thumb/b/bb/Steve_Carell_in_2021_%28cropped%29.jpg/500px-Steve_Carell_in_2021_%28cropped%29.jpg
Steve Hely,,,https://en.wikipedia.org/wiki/Steve_Hely,
Steven Sprung,,,,
Steven Tsuchida,,,https://en.wikipedia.org/wiki/Steven_Tsuchida,
Tami Sagher,,,https://en.wikipedia.org/wiki/Tami_Sagher,https://upload.wikimedia.org/wikipedia/commons/5/54/Tami_Sagher_at_Don%27t_Think_Twice_premiere_%28cropped%29.jpg
Tim Hobert,,,,
Tim McAuliffe,,,https://en.wikipedia.org/wiki/Tim_McAuliffe,
Tim Saccardo,,,https://en.wikipedia.org/wiki/Tim_Saccardo,https://upload.wikimedia.org/wikipedia/commons/thumb/d/dc/CommunityWritersP5.jpg/500px-CommunityWritersP5.jpg
Tina Fey,,,https://en.wikipedia.org/wiki/Tina_Fey,https://upload.wikimedia.org/wikipedia/commons/thumb/a/aa/TinaFey-byPhilipRomano.jpg/500px-TinaFey-byPhilipRomano.jpg
Todd Holland,,,https://en.wikipedia.org/wiki/Todd_Holland,
Tom Ceraulo,,,,
Tom Magill,,,,
Tracey Wigfield,,,https://en.wikipedia.org/wiki/Tracey_Wigfield,
Tricia Brock,,,https://en.wikipedia.org/wiki/Tricia_Brock,https://upload.wikimedia.org/wikipedia/commons/thumb/1/17/Superchickdallas2008.JPG/500px-Superchickdallas2008.JPG
Tristram Shapeero,,,https://en.wikipedia.org/wiki/Tristram_Shapeero,
Troy Miller,,,https://en.wikipedia.org/wiki/Troy_Miller,
Tucker Cawley,,,https://en.wikipedia.org/wiki/Tucker_Cawley,
Tucker Gates,,,https://en.wikipedia.org/wiki/Tucker_Gates,
Vali Chandrasekaran,,,,
Vera Santamaria,,,,
Victor Nelli Jr.,,,https://en.wikipedia.org/wiki/Victor_Nelli_Jr.,
Warren Lieberstein,,,https://en.wikipedia.org/wiki/Warren_Lieberstein,
Wendey Stanzler,,,https://en.wikipedia.org/wiki/Wendey_Stanzler,
Zach Paez,,,,